,channel_link,message.sender_id,message.text, message.date,message.id,message.post_author,message.views,message.peer_id.channel_id
0,https://t.me/TransportPRO,-1001541739263,"–í–ª–∞–¥–∏–º–∏—Ä –ü—É—Ç–∏–Ω –ø–æ–∑–¥—Ä–∞–≤–∏–ª  –∏ –≤–µ—Ç–µ—Ä–∞–Ω–æ–≤ –∂–µ–ª–µ–∑–Ω–æ–¥–æ—Ä–æ–∂–Ω–æ–≥–æ —Ç—Ä–∞–Ω—Å–ø–æ—Ä—Ç–∞ —Å –ø—Ä–æ—Ñ–µ—Å—Å–∏–æ–Ω–∞–ª—å–Ω—ã–º –ø—Ä–∞–∑–¥–Ω–∏–∫–æ–º**

**[@PROtransport](https://t.me/TransportPRO)",2023-08-06 05:58:04+00:00,7534,,260,1541739263
1,https://t.me/TransportPRO,-1001541739263,"–ü–æ–∑–¥—Ä–∞–≤–ª–µ–Ω–∏–µ —Å –ø—Ä–æ—Ñ–µ—Å—Å–∏–æ–Ω–∞–ª—å–Ω—ã–º –ø—Ä–∞–∑–¥–Ω–∏–∫–æ–º –æ—Ç –≥–ª–∞–≤—ã –†–ñ–î –û–ª–µ–≥–∞ –ë–µ–ª–æ–∑—ë—Ä–æ–≤–∞

[@PROtransport](https://t.me/TransportPRO)",2023-08-06 06:00:42+00:00,7535,,252,1541739263
2,https://t.me/TransportPRO,-1001541739263,"–ö–∞–ª–∏–Ω–∏–Ω–≥—Ä–∞–¥—Å–∫–∏–π –≥—É–±–µ—Ä–Ω–∞—Ç–æ—Ä –ê–Ω—Ç–æ–Ω –ê–ª–∏—Ö–∞–Ω–æ–≤ –æ –ø–æ—Ä—É—á–µ–Ω–∏–∏ –ü—Ä–µ–∑–∏–¥–µ–Ω—Ç–∞ –ø–µ—Ä–µ—Å–∞–¥–∏—Ç—å —á–∏–Ω–æ–≤–Ω–∏–∫–æ–≤ –Ω–∞ –æ—Ç–µ—á–µ—Å—Ç–≤–µ–Ω–Ω—ã–µ –∞–≤—Ç–æ–º–æ–±–∏–ª–∏: —è —É–∂–µ –µ–∑–∂—É –Ω–∞ –æ—Ç–µ—á–µ—Å—Ç–≤–µ–Ω–Ω–æ–º –∞–≤—Ç–æ–ø—Ä–æ–º–µ ‚Äî —Å–µ–π—á–∞—Å —É –º–µ–Ω—è –∫–∞–ª—É–∂—Å–∫–∏–π Volkswagen Tiguan, –∞ –¥–æ —ç—Ç–æ–≥–æ –±—ã–ª Mitsubishi Outlander —Ç–æ–∂–µ —Ä–æ—Å—Å–∏–π—Å–∫–æ–≥–æ –ø—Ä–æ–∏–∑–≤–æ–¥—Å—Ç–≤–∞.

[@PROtransport](https://t.me/TransportPRO)",2023-08-06 06:10:51+00:00,7536,,219,1541739263
3,https://t.me/Gudokru,-1001126898505,"üó£ **¬´–î–æ—Ä–æ–≥–∏–µ –¥—Ä—É–∑—å—è! –°–≤–æ–π –ø—Ä–æ—Ñ–µ—Å—Å–∏–æ–Ω–∞–ª—å–Ω—ã–π –ø—Ä–∞–∑–¥–Ω–∏–∫ –≤ –≥–æ–¥ 20-–ª–µ—Ç–∏—è –û–ê–û ¬´–†–ñ–î¬ª –º—ã –≤—Å—Ç—Ä–µ—á–∞–µ–º —Å –∏—Å—Ç–æ—Ä–∏—á–µ—Å–∫–∏ –∑–Ω–∞—á–∏–º—ã–º–∏ –¥–æ—Å—Ç–∏–∂–µ–Ω–∏—è–º–∏ –¥–ª—è –≤—Å–µ–π —Å—Ç—Ä–∞–Ω—ã. 

**–í–ø–µ—Ä–µ–¥–∏ —É –Ω–∞—Å —Ä–µ–∞–ª–∏–∑–∞—Ü–∏—è —Å–ª–æ–∂–Ω—ã—Ö, –≥–ª–æ–±–∞–ª—å–Ω—ã—Ö, –Ω–æ –∏–Ω—Ç–µ—Ä–µ—Å–Ω—ã—Ö –ø—Ä–æ–µ–∫—Ç–æ–≤. –í–Ω–µ –≤—Å—è–∫–∏—Ö —Å–æ–º–Ω–µ–Ω–∏–π, –ø—Ä–æ—Ñ–µ—Å—Å–∏–æ–Ω–∞–ª–∏–∑–º, –≥–ª—É–±–æ–∫–∏–µ –∑–Ω–∞–Ω–∏—è, –±–æ–≥–∞—Ç—ã–π –æ–ø—ã—Ç –∏ –æ—Ç–≤–µ—Ç—Å—Ç–≤–µ–Ω–Ω—ã–π –ø–æ–¥—Ö–æ–¥ –∫ –¥–µ–ª—É, –≤–æ –≤—Å–µ –≤—Ä–µ–º–µ–Ω–∞ –æ—Ç–ª–∏—á–∞—é—â–∏–µ –∂–µ–ª–µ–∑–Ω–æ–¥–æ—Ä–æ–∂–Ω–∏–∫–æ–≤, –ø–æ–º–æ–≥—É—Ç –Ω–∞–º –∏ –≤–ø—Ä–µ–¥—å –ø–æ–∫–æ—Ä—è—Ç—å –Ω–æ–≤—ã–µ –≤–µ—Ä—à–∏–Ω—ã.

–û—Ç –≤—Å–µ–π –¥—É—à–∏ –∂–µ–ª–∞–µ–º –∫–∞–∂–¥–æ–º—É –∏–∑ –≤–∞—Å –Ω–æ–≤—ã—Ö —Ç—Ä—É–¥–æ–≤—ã—Ö —Å–≤–µ—Ä—à–µ–Ω–∏–π –Ω–∞ –±–ª–∞–≥–æ –æ—Ç—Ä–∞—Å–ª–∏ –∏ –≤—Å–µ–π —Å—Ç—Ä–∞–Ω—ã! –ö—Ä–µ–ø–∫–æ–≥–æ –∑–¥–æ—Ä–æ–≤—å—è, —Å—á–∞—Å—Ç—å—è –∏ –≤—Å–µ–≥–æ —Å–∞–º–æ–≥–æ –¥–æ–±—Ä–æ–≥–æ –≤–∞–º –∏ –≤–∞—à–∏–º –±–ª–∏–∑–∫–∏–º!
–° –ø—Ä–∞–∑–¥–Ω–∏–∫–æ–º!¬ª 

**–û.–í. –ë–µ–ª–æ–∑—ë—Ä–æ–≤**,
–≥–µ–Ω–µ—Ä–∞–ª—å–Ω—ã–π –¥–∏—Ä–µ–∫—Ç–æ—Ä ‚Äì –ø—Ä–µ–¥—Å–µ–¥–∞—Ç–µ–ª—å –ø—Ä–∞–≤–ª–µ–Ω–∏—è –û–ê–û ¬´–†–ñ–î¬ª
**–°.–ò. –ß–µ—Ä–Ω–æ–≥–∞–µ–≤**,
–ø—Ä–µ–¥—Å–µ–¥–∞—Ç–µ–ª—å –†–æ—Å–ø—Ä–æ—Ñ–∂–µ–ª–∞
**–ù.–ê. –ù–∏–∫–∏—Ñ–æ—Ä–æ–≤**,
–ø—Ä–µ–¥—Å–µ–¥–∞—Ç–µ–ª—å –¶–µ–Ω—Ç—Ä–∞–ª—å–Ω–æ–≥–æ —Å–æ–≤–µ—Ç–∞ –≤–µ—Ç–µ—Ä–∞–Ω–æ–≤ –≤–æ–π–Ω—ã –∏ —Ç—Ä—É–¥–∞ –∂–µ–ª–µ–∑–Ω–æ–¥–æ—Ä–æ–∂–Ω–æ–≥–æ —Ç—Ä–∞–Ω—Å–ø–æ—Ä—Ç–∞

[–ü–æ–ª–Ω—É—é –≤–µ—Ä—Å–∏—é –ø–æ–∑–¥—Ä–∞–≤–ª–µ–Ω–∏—è —á–∏—Ç–∞–π—Ç–µ –Ω–∞ —Å—Ç—Ä–∞–Ω–∏—Ü–∞—Ö ¬´–ì—É–¥–∫–∞¬ª](https://gudok.ru/newspaper/?ID=1642927&archive=2023.08.04) üìù",2023-08-06 06:02:18+00:00,11819,,497,1126898505
4,https://t.me/Gudokru,-1001126898505,"**¬´–ù–∞–º–µ—á–µ–Ω–Ω—ã–µ –ø–ª–∞–Ω—ã –Ω–µ–ø—Ä–µ–º–µ–Ω–Ω–æ –±—É–¥—É—Ç –≤—ã–ø–æ–ª–Ω–µ–Ω—ã, –≤–µ–¥—å –º—ã ‚Äì –ª—é–¥–∏ –¥–µ–ª–∞. –û–ø—ã—Ç –∏ –º—É–¥—Ä–æ—Å—Ç—å –≤–µ—Ç–µ—Ä–∞–Ω–æ–≤, —Å–æ–≤—Ä–µ–º–µ–Ω–Ω—ã–µ –∑–Ω–∞–Ω–∏—è –∏ —ç–Ω—Ç—É–∑–∏–∞–∑–º –º–æ–ª–æ–¥–æ–≥–æ –ø–æ–∫–æ–ª–µ–Ω–∏—è –ø—Ä–æ—Ñ–µ—Å—Å–∏–æ–Ω–∞–ª–æ–≤ ‚Äì —É—Å–ø–µ—Ö —Ä–∞–∑–≤–∏—Ç–∏—è –Ω–∞—à–µ–π –∫–æ–º–ø–∞–Ω–∏–∏.

**–î–æ—Ä–æ–≥–∏–µ –∂–µ–ª–µ–∑–Ω–æ–¥–æ—Ä–æ–∂–Ω–∏–∫–∏! –ñ–µ–ª–∞—é –≤–∞–º –∫—Ä–µ–ø–∫–æ–≥–æ –∑–¥–æ—Ä–æ–≤—å—è, —Å—á–∞—Å—Ç—å—è –∏ –±–ª–∞–≥–æ–ø–æ–ª—É—á–∏—è. –ü—É—Å—Ç—å –∫–∞–∂–¥—ã–π –Ω–æ–≤—ã–π –¥–µ–Ω—å –ø—Ä–∏–Ω–µ—Å—ë—Ç –≤–∞–º —Ä–∞–¥–æ—Å—Ç—å –∏ —É–¥–æ–≤–ª–µ—Ç–≤–æ—Ä–µ–Ω–∏–µ –æ—Ç –ø—Ä–æ–¥–µ–ª–∞–Ω–Ω–æ–π —Ä–∞–±–æ—Ç—ã. –ë–ª–∞–≥–æ–¥–∞—Ä—é –≤–∞—Å –∑–∞ –≤–∞—à –≤–∫–ª–∞–¥ –≤ —Ä–∞–∑–≤–∏—Ç–∏–µ –∂–µ–ª–µ–∑–Ω–æ–¥–æ—Ä–æ–∂–Ω–æ–π –æ—Ç—Ä–∞—Å–ª–∏ –∏ –∂–µ–ª–∞—é –≤–∞–º —Ç–æ–ª—å–∫–æ —Å–∞–º—ã—Ö —è—Ä–∫–∏—Ö –∏ —É—Å–ø–µ—à–Ω—ã—Ö –º–æ–º–µ–Ω—Ç–æ–≤ –Ω–∞ –≤–∞—à–µ–º –ø—É—Ç–∏¬ª. 

**–ê–ª–µ–∫—Å–µ–π –®–∏–ª–æ**, –∑–∞–º–µ—Å—Ç–∏—Ç–µ–ª—å –≥–µ–Ω–µ—Ä–∞–ª—å–Ω–æ–≥–æ –¥–∏—Ä–µ–∫—Ç–æ—Ä–∞ –û–ê–û ¬´–†–ñ–î¬ª ‚Äì –Ω–∞—á–∞–ª—å–Ω–∏–∫ –¶–µ–Ω—Ç—Ä–∞ —Ñ–∏—Ä–º–µ–Ω–Ω–æ–≥–æ —Ç—Ä–∞–Ω—Å–ø–æ—Ä—Ç–Ω–æ–≥–æ –æ–±—Å–ª—É–∂–∏–≤–∞–Ω–∏—è (–¶–§–¢–û).

[–ü–æ–ª–Ω—É—é –≤–µ—Ä—Å–∏—é –ø–æ–∑–¥—Ä–∞–≤–ª–µ–Ω–∏—è —á–∏—Ç–∞–π—Ç–µ –Ω–∞ —Å—Ç—Ä–∞–Ω–∏—Ü–∞—Ö ¬´–ì—É–¥–∫–∞¬ª](https://gudok.ru/newspaper/?ID=1642941&archive=2023.08.04) üì¢",2023-08-06 06:10:31+00:00,11820,,386,1126898505
5,https://t.me/telerzd,-1001186805286,"**–ú–∏—Ö–∞–∏–ª –ú–∏—à—É—Å—Ç–∏–Ω –ø–æ–∑–¥—Ä–∞–≤–∏–ª —Ä–∞–±–æ—Ç–Ω–∏–∫–æ–≤ –∂–µ–ª–µ–∑–Ω–æ–¥–æ—Ä–æ–∂–Ω–æ–≥–æ —Ç—Ä–∞–Ω—Å–ø–æ—Ä—Ç–∞ —Å –ø—Ä–æ—Ñ–µ—Å—Å–∏–æ–Ω–∞–ª—å–Ω—ã–º –ø—Ä–∞–∑–¥–Ω–∏–∫–æ–º

**__¬´–≠—Ç–æ—Ç –ø—Ä–æ—Ñ–µ—Å—Å–∏–æ–Ω–∞–ª—å–Ω—ã–π –ø—Ä–∞–∑–¥–Ω–∏–∫ –º–Ω–æ–≥–∏–µ –∏–∑ –≤–∞—Å –≤—Å—Ç—Ä–µ—á–∞—é—Ç –≤ –ø—É—Ç–∏. –ú–∞—à–∏–Ω–∏—Å—Ç—ã –∏ –ø—Ä–æ–≤–æ–¥–Ω–∏–∫–∏, –º–æ–Ω—Ç–∞–∂–Ω–∏–∫–∏ –∏ —Ä–µ–º–æ–Ω—Ç–Ω–∏–∫–∏, —Å–æ—Å—Ç–∞–≤–∏—Ç–µ–ª–∏ –ø–æ–µ–∑–¥–æ–≤, –∫–æ–Ω—Ç—Ä–æ–ª–µ—Ä—ã, –¥–∏—Å–ø–µ—Ç—á–µ—Ä—ã –æ–±–µ—Å–ø–µ—á–∏–≤–∞—é—Ç –±–µ–∑–æ–ø–∞—Å–Ω–æ—Å—Ç—å –∏ –∫–æ–º—Ñ–æ—Ä—Ç –ø–∞—Å—Å–∞–∂–∏—Ä–æ–≤, –æ–ø–µ—Ä–∞—Ç–∏–≤–Ω—É—é –ø–µ—Ä–µ–≤–æ–∑–∫—É –≥—Ä—É–∑–æ–≤. –ë–ª–∞–≥–æ–¥–∞—Ä—è –≤–∞–º —Ä–æ—Å—Å–∏–π—Å–∫–∏–µ –∂–µ–ª–µ–∑–Ω—ã–µ –¥–æ—Ä–æ–≥–∏ —Ä–∞–±–æ—Ç–∞—é—Ç –≤ –Ω–µ–ø—Ä–µ—Ä—ã–≤–Ω–æ–º —Ä–µ–∂–∏–º–µ, —Å–≤—è–∑—ã–≤–∞—é—Ç –≤–æ–µ–¥–∏–Ω–æ —Ä–µ–≥–∏–æ–Ω—ã –Ω–∞—à–µ–π –±–æ–ª—å—à–æ–π —Å—Ç—Ä–∞–Ω—ã.

–°–µ–≥–æ–¥–Ω—è —ç—Ç–æ –∫—Ä—É–ø–Ω–µ–π—à–∏–π —Å–æ–≤—Ä–µ–º–µ–Ω–Ω—ã–π –≤—ã—Å–æ–∫–æ—Ç–µ—Ö–Ω–æ–ª–æ–≥–∏—á–Ω—ã–π –∫–æ–º–ø–ª–µ–∫—Å, —Ç—ã—Å—è—á–∏ –∫–∏–ª–æ–º–µ—Ç—Ä–æ–≤ –ø—É—Ç–µ–π, –º–æ—Å—Ç–æ–≤, –ø—É—Ç–µ–ø—Ä–æ–≤–æ–¥–æ–≤ –∏ —Ç–æ–Ω–Ω–µ–ª–µ–π. –ù–µ—Å–º–æ—Ç—Ä—è –Ω–∞ —Å–∞–Ω–∫—Ü–∏–æ–Ω–Ω–æ–µ –¥–∞–≤–ª–µ–Ω–∏–µ, –æ—Ç—Ä–∞—Å–ª—å –¥–µ–º–æ–Ω—Å—Ç—Ä–∏—Ä—É–µ—Ç —É—Å—Ç–æ–π—á–∏–≤—ã–π —Ä–æ—Å—Ç, —É–¥–µ–ª—è–µ—Ç —Å–µ—Ä—å–µ–∑–Ω–æ–µ –≤–Ω–∏–º–∞–Ω–∏–µ —Ü–∏—Ñ—Ä–æ–≤–∏–∑–∞—Ü–∏–∏, –ø–æ–≤—ã—à–µ–Ω–∏—é —ç—Ñ—Ñ–µ–∫—Ç–∏–≤–Ω–æ—Å—Ç–∏ —ç–∫—Å–ø–ª—É–∞—Ç–∞—Ü–∏–∏ –∂–µ–ª–µ–∑–Ω–æ–π –¥–æ—Ä–æ–≥–∏. 

–î–æ—Ä–æ–≥–∏–µ –¥—Ä—É–∑—å—è! –í —ç—Ç–æ—Ç –ø—Ä–∞–∑–¥–Ω–∏—á–Ω—ã–π –¥–µ–Ω—å —Ö–æ—á—É –ø–æ–±–ª–∞–≥–æ–¥–∞—Ä–∏—Ç—å –≤–∞—Å –∑–∞ –ø—Ä–æ—Ñ–µ—Å—Å–∏–æ–Ω–∞–ª–∏–∑–º, –æ—Ç–≤–µ—Ç—Å—Ç–≤–µ–Ω–Ω–æ–µ –æ—Ç–Ω–æ—à–µ–Ω–∏–µ –∫ —Å–≤–æ–µ–º—É –¥–µ–ª—É, –ø–æ–∂–µ–ª–∞—Ç—å –Ω–æ–≤—ã—Ö –¥–æ—Å—Ç–∏–∂–µ–Ω–∏–π, —É—Å–ø–µ—Ö–æ–≤ –≤ —Ä–µ—à–µ–Ω–∏–∏ –≤–∞–∂–Ω—ã—Ö –∑–∞–¥–∞—á. –ö—Ä–µ–ø–∫–æ–≥–æ –∑–¥–æ—Ä–æ–≤—å—è, —Å—á–∞—Å—Ç—å—è, –±–ª–∞–≥–æ–ø–æ–ª—É—á–∏—è –≤–∞–º –∏ –≤–∞—à–∏–º –±–ª–∏–∑–∫–∏–º¬ª.__",2023-08-06 06:32:30+00:00,3533,,1425,1186805286
6,https://t.me/kovshevny,-1001495821844,https://youtu.be/xcqZQ1UWABY,2023-08-06 06:17:18+00:00,2526,,21,1495821844
7,https://t.me/trickyrails,-1001230938264,"–í–ø–µ—á–∞—Ç–ª–µ–Ω–∏–π –¥–∞—Ä–∏—Ç –º–Ω–æ–≥–æ –Ω–∞–º –∂–µ–ª–µ–∑–Ω–∞—è –¥–æ—Ä–æ–≥–∞! üöÇ –ü–æ–¥–ø–µ–≤–∞–π—Ç–µ!

–î–æ—Ä–æ–≥–∏–µ —á–∏—Ç–∞—Ç–µ–ª–∏, —Å –ø—Ä–æ—Ñ–µ—Å—Å–∏–æ–Ω–∞–ª—å–Ω—ã–º –ø—Ä–∞–∑–¥–Ω–∏–∫–æ–º –≤—Å–µ—Ö –ø—Ä–∏—á–∞—Å—Ç–Ω—ã—Ö! –í—Å–µ—Ö –ª—é–±–∏–º, –æ–±–Ω–∏–º–∞–µ–º! –¢—É-—Ç—É-—Ç—É!",2023-08-06 06:35:28+00:00,5444,,1225,1230938264
8,https://t.me/rollingstock,-1001209145432,"**–û—Ç–∫—Ä—ã—Ç–∫–∏ –æ—Ç –ø—Ä–æ–∏–∑–≤–æ–¥–∏—Ç–µ–ª–µ–π –ø–æ–¥–≤–∏–∂–Ω–æ–≥–æ —Å–æ—Å—Ç–∞–≤–∞ ‚Äì **[–¢–ú–•](https://t.me/tmh_global)**, **[–°–¢–ú](https://t.me/sinaratmgroup)**, **[–û–í–ö](https://t.me/uniwagon)**, **[–†–ú –†–µ–π–ª](https://t.me/rmrail)**, **[–£–í–ó](https://t.me/uvznews)** –∏ **[–ì—Ä—É–ø–ø—ã –ü–¢–ö](https://t.me/ptkgrp)** ‚Äì –∫–æ –î–Ω—é –∂–µ–ª–µ–∑–Ω–æ–¥–æ—Ä–æ–∂–Ω–∏–∫–∞

**–ö–æ–º–∞–Ω–¥–∞ ROLLINGSTOCK –ø—Ä–∏—Å–æ–µ–¥–∏–Ω—è–µ—Ç—Å—è –∫ –ø–æ–∑–¥—Ä–∞–≤–ª–µ–Ω–∏—è–º –∏ –∂–µ–ª–∞–µ—Ç —Ä–∞–±–æ—Ç–Ω–∏–∫–∞–º –∂–µ–ª–µ–∑–Ω—ã—Ö –¥–æ—Ä–æ–≥ –Ω–æ–≤—ã—Ö —É—Å–ø–µ—Ö–æ–≤, –≥–æ—Ä–¥–æ—Å—Ç–∏ –∑–∞ –ø—Ä–æ—Ñ–µ—Å—Å–∏—é, —Å–æ—Ö—Ä–∞–Ω–µ–Ω–∏—è –ª—é–±–≤–∏ –∫ –æ—Ç—Ä–∞—Å–ª–∏ –∏ –∫—Ä–µ–ø–∫–æ–≥–æ –∑–¥–æ—Ä–æ–≤—å—è! –° –ø—Ä–∞–∑–¥–Ω–∏–∫–æ–º!

@rollingstock",2023-08-06 06:00:42+00:00,3938,,266,1209145432
9,https://t.me/rollingstock,-1001209145432,,2023-08-06 06:00:42+00:00,3939,,283,1209145432
10,https://t.me/rollingstock,-1001209145432,,2023-08-06 06:00:42+00:00,3940,,266,1209145432
11,https://t.me/rollingstock,-1001209145432,,2023-08-06 06:00:42+00:00,3941,,264,1209145432
12,https://t.me/rollingstock,-1001209145432,,2023-08-06 06:00:42+00:00,3942,,265,1209145432
13,https://t.me/rollingstock,-1001209145432,,2023-08-06 06:00:42+00:00,3943,,266,1209145432
